,z_real,z_imag
0,-0.005134113962389317,1e-08
1,-0.0018309795308348838,0.020010007506257973
2,0.007452966048182927,0.027016227794346502
3,0.009794984771932948,0.03378490802256636
4,0.009802114298288145,0.03949296262008511
5,0.015375924460887255,0.04297124369040414
6,0.02319574316443396,0.04431521315147556
7,0.03370399701568796,0.043526260812261915
8,0.050159481498519634,0.039074224247785845
9,0.05491896392941049,0.04598352182469117
10,0.06506373721920664,0.046482100436045545
11,0.07107345475770382,0.05044638104584178
12,0.07369679708101845,0.055411049248600325
13,0.0755744881146466,0.05975549773250103
14,0.07804119962650365,0.06328467349748149
15,0.0777921239616074,0.06731162321309783
16,0.08117948070805896,0.06976647549630023
17,0.08487354184428546,0.07160672273378674
18,0.08740973391634695,0.07424829336264238
19,0.09347175450071017,0.07260167631240529
20,0.08997986490655394,0.07884450535241455
21,0.09084472522656349,0.08212967574619001
22,0.09416077364722344,0.08388790519225983
23,0.10045744746231777,0.0814308977107063
24,0.09833078956343855,0.08728925116332824
25,0.10256508987010747,0.08838409310519854
26,0.10312125398733338,0.09160883790816624
27,0.10840600614583427,0.09019105085801682
28,0.10873102033195914,0.09419613949014205
29,0.11360307716779207,0.09326985704533813
30,0.11328792193475203,0.09741594614474347
31,0.11041376690230971,0.10054763596871584
32,0.1095857637870733,0.10334403887124285
33,0.11457072610299492,0.10373667555824481
34,0.11617995438560147,0.10602639141051869
35,0.11592878792308785,0.10870014348035181
36,0.11840508971524616,0.1099810726199032
37,0.11981403391947891,0.11183327931578517
38,0.1184058513070311,0.11430742025042093
39,0.12021733212112415,0.11602295819887593
40,0.1237320238990523,0.11563042576950455
41,0.12564384806854365,0.11726651022148832
42,0.12846596657155404,0.117462754256411
43,0.1325018974171065,0.11349206976040851
44,0.13485377731925843,0.1166776257735036
45,0.13149168986057844,0.1213697468502495
46,0.13237788719925953,0.12385776646013169
47,0.13316551129513848,0.12597320443640603
48,0.13343820277588198,0.12804664619048972
49,0.1334529859050909,0.13003883329353086
50,0.1271569418527713,0.1294027167750764
51,0.1277350529531931,0.1326291618279744
52,0.12647294636115003,0.13467085987546631
53,0.12535767693683134,0.13650375201321616
54,0.1250249966728908,0.13844236277380886
55,0.1259640088751077,0.1402703972577067
56,0.12414605797697034,0.14167990530945837
57,0.12112966572601049,0.14173064459247064
58,0.12051626192968928,0.14388633050012162
59,0.12248268785008075,0.1458654589242235
60,0.12192405924660585,0.14770550938400875
61,0.12129887107136138,0.14930875636729898
62,0.12032232067292126,0.15070300587241234
63,0.1219202256651182,0.15219367375529494
64,0.12227087990664924,0.15379596457692715
65,0.12447660030479049,0.15443897682297314
66,0.12290675752810547,0.1563729626381556
67,0.12424241643467829,0.15774086405029644
68,0.1270064589991468,0.1576427701601629
69,0.12953620580202227,0.15764340744662883
70,0.1317055659730079,0.1582143664784284
71,0.13379651556235994,0.15877496719043274
72,0.13551133753625666,0.15978370469953118
73,0.13646403159715348,0.16138257527195826
74,0.13933968866475213,0.15991469823316518
75,0.14208128101224615,0.15911244484131493
76,0.14424564874820178,0.16012939885778543
77,0.1472031792136298,0.1570745853159053
78,0.15059565405467762,0.1545516992590446
79,0.1529251580363265,0.15723404509301844
80,0.15528596469926687,0.15836619481495914
81,0.15815692576229373,0.1577196585907692
82,0.1571867035513897,0.16173620587383378
83,0.15875522738765205,0.16344879108604657
84,0.16229709639340117,0.16140403332306089
85,0.16288773259320455,0.16444035143364882
86,0.1637306136959437,0.16639267407416142
87,0.16310933800527122,0.16863837754292915
88,0.164062927561887,0.17028935561325312
89,0.16188126679527987,0.1721409794039818
90,0.16206055683234694,0.17411646737017422
91,0.16245552598479104,0.1758189269513684
92,0.1624467850991503,0.1774648530404493
93,0.16434840386050562,0.1782520246087148
94,0.1603403176448951,0.17944689674471437
95,0.15969778843120416,0.18132049276351772
96,0.16033528049617382,0.1830600056929681
97,0.16361907902117112,0.18315701822055763
98,0.16669582913419403,0.18253513020028364
99,0.17056302861176334,0.17776644685545065
100,0.1740742605685879,0.17542927998838992
101,0.17719778604275907,0.1700540384006797
102,0.1803728077045176,0.17289629865636474
103,0.1826527770090378,0.1747626930233257
104,0.18585115490689905,0.1721265823607361
105,0.18891459651587492,0.17186957399598904
106,0.19191171598330203,0.17044230130913288
107,0.19456514202601888,0.1661013120569776
108,0.1984056307407142,0.16649384406993833
109,0.201887315861006,0.164871772050983
110,0.20540796383131527,0.1640110720730517
111,0.20882847548364142,0.16377707178933992
112,0.20975047648529835,0.15279783052612594
113,0.21624802682076213,0.152094661757534
114,0.21965764607349478,0.15704700997048707
115,0.22463583401883366,0.15314667192531808
116,0.22628560090667388,0.13615628490403944
117,0.23549503230393762,0.13603269874425247
118,0.24282259301376527,0.12542519929239196
119,0.2516553971364405,0.12528629902648739
120,0.2549046652011604,0.13278892778301865
121,0.25308055737673313,0.1411891473400158
122,0.2586024768923743,0.14286535709046225
123,0.26036436409312713,0.14694759989878525
124,0.26341234858088564,0.1491946137372874
125,0.262945598899096,0.1533353990658738
126,0.2609097218132937,0.157292580745513
127,0.2604016494286641,0.1609188014941646
128,0.2691930461440971,0.15544852584235733
129,0.2736005541990732,0.1550195399484496
130,0.27759551215475897,0.1547424001643739
131,0.2811036209569565,0.15543473432980373
132,0.2843404343837572,0.1562516549485396
133,0.2849603919355187,0.15993123470056525
134,0.2899162024061184,0.15360203038022718
135,0.2939660306628531,0.1546481044272421
136,0.29812398226294023,0.15171906131699164
137,0.30242292204614374,0.14709007403753957
138,0.30450644466577625,0.1259491363035566
139,0.31689165804633895,0.11341563422297339
140,0.3296274011679403,0.10898847658556486
141,0.33895070192578414,0.11149027416412233
142,0.3440906390051713,0.1171589037349802
143,0.35437382516110827,0.10745928721886937
144,0.3634382725482877,0.10765947727300594
145,0.37947220206099824,0.08170810822743006
146,0.39109781754886785,0.0888914479065747
147,0.3940083848615866,0.0984883827936814
148,0.404839124800108,0.0960499473684076
149,0.4126065938448499,0.0976997330756403
150,0.41837423348899755,0.10090394149839807
151,0.42433641919686943,0.10267477475113744
152,0.41478402176543794,0.11160328409837099
153,0.4165095591975085,0.11704676343866248
154,0.4190982468270539,0.12096405575257232
155,0.42102570002887485,0.1245445681946644
156,0.4217025457303986,0.1282378323541624
157,0.41853894511806644,0.13191098887531172
158,0.41701872610103746,0.13561218895704558
159,0.4139932233278317,0.1387656941651218
160,0.41523822248236386,0.14233524017871627
161,0.4131179836511529,0.1454253646527069
162,0.40926028890813226,0.1476670841627805
163,0.4091545512670243,0.15123048786095686
164,0.40910829027598794,0.15429782517201907
165,0.4097907778213144,0.15706197389125015
166,0.4133948980992125,0.1582352663576781
167,0.4140138584887885,0.16100452287588973
168,0.4179201234711945,0.16101665454295133
169,0.4206668540073934,0.16224733401038077
170,0.42473775156101345,0.16074472068209175
171,0.424916811998353,0.16471948918048432
172,0.42439124980318693,0.1676882536306442
173,0.4275845786053137,0.1683717376503783
174,0.4212738774555325,0.17111184879214425
175,0.42421657212537456,0.17356300137868622
176,0.4276272174402411,0.1743547304927259
177,0.425185845439255,0.17731761511680916
178,0.42696815379771413,0.17915044989570592
179,0.4250953488218421,0.1812758926971695
180,0.422902981215206,0.18291570600522114
181,0.4237903064858075,0.18515306639717852
182,0.4173767088179007,0.1835119964523411
183,0.41498531043333264,0.18583584299704217
184,0.41115333095183143,0.1863021936392192
185,0.4104490458165399,0.18931316239037096
186,0.4106201347951599,0.191933152723652
187,0.40824608436803567,0.19338146676752946
188,0.4126678449323496,0.19525209201752475
189,0.4134110973818976,0.1975375727304997
190,0.4186967704613361,0.19628441730735016
191,0.4224911171209017,0.1965717811049742
192,0.4255859114693471,0.1971244418776189
193,0.43108759998105706,0.19144543875752026
194,0.43775846532108614,0.18079626494254006
195,0.44308857764406795,0.17960937370266
196,0.44785571080610015,0.1748772867406922
197,0.4526885319747044,0.17483007283911195
198,0.4571967475054881,0.17118120677498863
199,0.46180746195057154,0.17121714180019318
200,0.465521588232072,0.1628535850767691
201,0.47130935208115415,0.1643074842421804
202,0.4727849563494522,0.17041848173203808
203,0.4780283405742667,0.16837324185124297
204,0.4818170558261902,0.16939878802851552
205,0.4838692536633948,0.1724889547231121
206,0.487969919959343,0.1710395221408942
207,0.4914058588918597,0.16370400551415928
208,0.4966901418930704,0.16078116807794268
209,0.4987198561794799,0.16756111070189433
210,0.5036403984775596,0.1661155360675075
211,0.5074482576156729,0.16683818021707209
212,0.5102578457238466,0.16889678679208753
213,0.5128898840031314,0.17065266382691885
214,0.5165309446207192,0.1697723734936148
215,0.519405418293838,0.17112999832879705
216,0.5191572970827862,0.17514176096182607
217,0.5128335544786663,0.17930680627877416
218,0.5152339555544301,0.18245131961003913
219,0.5190922695380803,0.18329399469716415
220,0.5218434254553254,0.184468825755918
221,0.5215848134914376,0.1875354633679195
222,0.5244489060004639,0.18824720051040006
223,0.5274759249185534,0.18787476815640958
224,0.5300185937146004,0.1884451213581012
225,0.5290165406119115,0.19195794005156877
226,0.5295454037240765,0.19425454835515985
227,0.5267651632384914,0.1965684950890647
228,0.5285525914987881,0.19865122930682486
229,0.5312611752054921,0.19930066136964394
230,0.5327203300791921,0.20080998300129732
231,0.5288903057229071,0.20315230384940175
232,0.5263094993723018,0.20498512813333059
233,0.524952737688446,0.20714564482223308
234,0.5241417694659233,0.2092762056711474
235,0.5260900454728084,0.21105849598318305
236,0.5219396432311266,0.21205985691606874
237,0.5234218448111564,0.2145636978102412
238,0.5208470904837232,0.21596298977991496
239,0.520866195950726,0.21811650753510128
240,0.5208510572790142,0.2199967186120705
241,0.5278819198804154,0.21705270770183016
242,0.5295714532885283,0.21901583676367112
243,0.5316530266472489,0.21995199589998607
244,0.5319543292676837,0.2220926012322086
245,0.5354761017067754,0.21990189428495494
246,0.5385994023012104,0.2176327802501019
247,0.541532646913485,0.21738162390431118
248,0.5444167143917579,0.21364135400830953
249,0.547111008769511,0.2062297195980484
250,0.5515056382753958,0.20703703073834975
251,0.5537579043767215,0.21030622946945776
252,0.5550526775223742,0.21333267853782897
253,0.5553817246313111,0.21641871464357804
254,0.5555802816829415,0.21914607112557627
255,0.5594404458884153,0.21739376819504544
256,0.5622003673416874,0.21681309018392875
257,0.5636744895622137,0.21885512715018532
258,0.5656410437028713,0.21964407618298085
259,0.5654038965930935,0.22228163762777473
260,0.5625757652505426,0.22494249273206268
261,0.5640400747304822,0.22691967268688154
262,0.5650879105808068,0.22855643119951596
263,0.5665398703511153,0.22969296621148222
264,0.5688050736662338,0.22957820462421605
265,0.5717006216698656,0.22521909850551444
266,0.5743032746601446,0.22038678071536327
267,0.5773796962309666,0.22200053927798657
268,0.5801874704488424,0.22037834563018074
269,0.582438681881258,0.21672968551296926
270,0.5856035558275646,0.21508953033359932
271,0.5870759081600434,0.20906174464769312
272,0.5910976592488469,0.20638042164743017
273,0.5951275724263849,0.20510178450441394
274,0.5975977620800105,0.19917557305500422
275,0.6009739986620894,0.19306104815594158
276,0.6054748722318358,0.18751268879153932
277,0.601157321483095,0.15962511957644257
278,0.61439554703474,0.13328039154456778
279,0.627402256790324,0.14364630419031263
280,0.624966987219437,0.1646962960121316
281,0.6260913403223467,0.1763340228236773
282,0.6277440450981756,0.18381518793468055
283,0.6363114710868909,0.17837794203529003
284,0.642122387468864,0.17812966602123437
285,0.6423244865357138,0.18483373966689837
286,0.6463109563691024,0.18657676109775578
287,0.6448550787396142,0.19174560883440483
288,0.6479541818180256,0.19396771407710858
289,0.6516881148260443,0.19433132948580265
290,0.653745511868004,0.19663228390607326
291,0.6512483465754625,0.2007281083073551
292,0.6528233958334398,0.20340994885195607
293,0.6552636967114257,0.20494093625559753
294,0.6591617482455908,0.20342517819549996
295,0.6614954459196803,0.20510264550092447
296,0.6645477414567297,0.20462716277713566
297,0.6650456968947427,0.20786987860605466
298,0.6673496427287942,0.20892325293463798
299,0.6687481116712645,0.210703885611613
300,0.6711522708184117,0.21105564346919742
301,0.6719392855498557,0.2132792648946286
302,0.6732637987380119,0.21485106704503745
303,0.6746967834270924,0.21621139873162054
304,0.67621475792706,0.21740827145505837
305,0.677554366124996,0.21872456950112848
306,0.6713672753184312,0.22078581536805364
307,0.673183961192887,0.2234181107697644
308,0.6743699230565687,0.2254039095095121
309,0.6697048847406566,0.22669490576916354
310,0.670296560719324,0.22939556556687749
311,0.6737835344262795,0.23030943966991999
312,0.6775182099115505,0.22952882199805438
313,0.6778878382331982,0.2321040562031023
314,0.6744867193602186,0.23453826851186427
315,0.6797417514517872,0.234034187865453
316,0.6831881555789154,0.23107067400892048
317,0.6842825349820268,0.23396818082703918
318,0.6867516725117223,0.23387516266693004
319,0.688216997726169,0.23525399216349735
320,0.6896136804085684,0.23641570033120637
321,0.6916481981039184,0.23636022726249747
322,0.693805375926469,0.23557177532958493
323,0.6956827317005202,0.23173527159400348
324,0.6969990660054924,0.22500097621131884
325,0.7012072685003543,0.22444858863289427
326,0.7046064876865514,0.22423206270436374
327,0.7075653736908718,0.22473204368754668
328,0.710383019347887,0.2224898765841405
329,0.713303859299388,0.22320892805496065
330,0.715664146698766,0.21925449662538501
331,0.7182915337001884,0.21522583648749236
332,0.7179556305094486,0.2049859880328918
333,0.71555148054028,0.18376512363213013
334,0.7267954936976049,0.17998385303864667
335,0.7338146268944394,0.1872317042458701
336,0.7393266957866136,0.17138354431904587
337,0.7480487155698043,0.16530598923401002
338,0.7562710105166551,0.16591593035966878
339,0.7630184148743876,0.16694798963470026
340,0.7679550674883736,0.14786410446663178
341,0.7787773860648176,0.1492106338655071
342,0.7775066276865494,0.1646248685533837
343,0.7698115398820529,0.17781124641566867
344,0.7730628593364508,0.18308018885910537
345,0.7766402255994883,0.18640398602333827
346,0.7742785636099542,0.19199864217593643
347,0.7678314894419668,0.19734867048626387
348,0.7567913852497099,0.2034486550223927
349,0.7537952932758731,0.2104181246199295
350,0.7560672408016483,0.21493533342451746
351,0.7481283681766697,0.2194397429510635
352,0.7433671481411784,0.22452103153222794
353,0.740653356872096,0.22919047559796119
354,0.7439964389019091,0.2321872272209187
355,0.7453014693045721,0.23507899268046464
356,0.7439101557125484,0.23809528507807673
357,0.7422482953185697,0.24076277541841662
358,0.7381406340312596,0.24250304160036798
359,0.7310428320595738,0.24294677940985526
360,0.7387115070559462,0.24675008021218933
361,0.7369637301278447,0.2496010551082224
362,0.7361826378952993,0.25207845622794695
363,0.7370508759254504,0.25421444093447104
364,0.7362922046725308,0.2562722818369529
365,0.7376907782290119,0.25793340465821507
366,0.7346319376407924,0.25932326006566325
367,0.7358124940990148,0.2614432119268064
368,0.7361647716613935,0.2632384928396811
369,0.736768830197465,0.2648323212178216
370,0.7342470855346779,0.2659527059213181
371,0.7351158825344416,0.2678675279601612
372,0.7351536028312593,0.26950443767344856
373,0.7337684747356918,0.2708115883350577
374,0.7352554453652603,0.2722511815590193
375,0.738062824460317,0.27214170539807153
376,0.739187760803494,0.27355560662380113
377,0.7410327193806914,0.27401286947978887
378,0.7417654813797615,0.27548880240412277
379,0.7422875992188178,0.27688716392429097
380,0.7431553467488015,0.2780100426346788
381,0.7441853434596957,0.2789588529527766
382,0.744972290103295,0.2800478245337475
383,0.746110187011749,0.2808232872639013
384,0.7468868970078811,0.2818819540379368
385,0.749119946130478,0.2805000633460979
386,0.7502622448946098,0.28189671041241565
387,0.7494745464914904,0.2839558001549791
388,0.7463558475189324,0.2852275586549037
389,0.7437867561340815,0.2861026841374096
390,0.7434062567122394,0.28789767956662843
391,0.7415909160840988,0.2887890727376792
392,0.7372434377703065,0.286604316028265
393,0.7368250073925463,0.28944467177078875
394,0.7367436562066008,0.29145755534281986
395,0.7368531235487082,0.2931588425235668
396,0.7356084066957475,0.2943107160168415
397,0.7355003534311295,0.29579348547164663
398,0.7343917323933679,0.29682534598264304
399,0.7346940137177025,0.29827098945316055
400,0.7344202269064327,0.2995384034427161
401,0.7314661094914596,0.2986446535725757
402,0.7321691967677857,0.30096738314393234
403,0.7328895291088101,0.3024534890403796
404,0.7341103339873231,0.30354823393462976
405,0.734044325988744,0.30488814243808826
406,0.7334673403101386,0.30605441093074504
407,0.7338010389859634,0.3072228075950658
408,0.7339027173342801,0.30834561620947354
409,0.7316366698745768,0.30844382097907985
410,0.7330237119068439,0.31008593900429815
411,0.7313684651598861,0.3108256256787559
412,0.7339011595802859,0.31171488486794197
413,0.7333222807340383,0.313079135445583
414,0.7333906626230188,0.31422730837393115
415,0.7320902289657242,0.3149934251513587
416,0.731970734077881,0.31615529430589495
417,0.7322593508346856,0.3172285333356533
418,0.7324612359538052,0.3182463334112361
419,0.7315862889660881,0.3190860512727585
420,0.7306088626802516,0.31978082802221636
421,0.730178370397162,0.3207696462644993
422,0.7327346023075605,0.3211255606447714
423,0.7319756458810199,0.3225260467068738
424,0.7298745115766944,0.3229289716044763
425,0.7282386809489495,0.32315535258378625
426,0.7292644577061846,0.32480320736449714
427,0.7280013248427093,0.32552784769118337
428,0.727198889374312,0.3263588388664483
429,0.7257405263015884,0.32647685976092833
430,0.7245598427391892,0.32700273648937495
431,0.7251002529240067,0.32851284588188473
432,0.7261336986395933,0.32963050351174283
433,0.7264516407512995,0.3307457821907821
434,0.7273559705941398,0.33159689074740983
435,0.7285965548366887,0.3321760034472721
436,0.7304826301218972,0.3320173439824502
437,0.7320651446866887,0.3323399765419815
438,0.7324751168181354,0.3336612534866951
439,0.732654867945621,0.33483120478422357
440,0.7336996150780876,0.3354364698992105
441,0.7345140234263546,0.33615251449902
442,0.7353139973726855,0.3368353371465313
443,0.735009737890307,0.33800821395122993
444,0.7352202720186202,0.33897759868220684
445,0.7321497862459271,0.338919726838053
446,0.7332532998578102,0.34051966184533866
447,0.7328673286551102,0.34162108802453606
448,0.7304877648978967,0.34138097545054424
449,0.7296678161458314,0.34247181057986137
450,0.7297152252535736,0.34370837331366605
451,0.7307905269380898,0.3447061194650246
452,0.7313355583188749,0.3456856965505816
453,0.7320271734605098,0.346505664564512
454,0.7317215677924759,0.34750477989048795
455,0.7305785495653303,0.34813182740388315
456,0.730979004839028,0.34916452968865147
457,0.7315998936373513,0.349966327168518
458,0.7315078209590075,0.3508669812534019
459,0.7319857675322039,0.35162764583103895
460,0.7307623881993732,0.35222556353405265
461,0.7292886936890665,0.35232819768860185
462,0.7297478662123351,0.35361823791070274
463,0.7287905244282658,0.35422368901009754
464,0.7285973918599317,0.3551386272220052
465,0.7291687439183271,0.3560201366834122
466,0.728193698151484,0.35664051264568836
467,0.7276639749953306,0.35736844335172896
468,0.7298913495522665,0.3576967885892409
469,0.7307048999296338,0.358456706873257
470,0.7323568270678827,0.35819019306460287
471,0.732185350147122,0.359609149692066
472,0.7307477387757503,0.3605608969642677
473,0.7293014689318525,0.3610972488413245
474,0.7289456286063701,0.3620852240881418
475,0.7293918742553694,0.3630426245626296
476,0.7312925823944738,0.3631672377204728
477,0.7321426571916858,0.3639013295785008
478,0.7311767333752544,0.36500098317398194
479,0.7312443893057794,0.36592334982458974
480,0.7317072636398849,0.3666767770770628
481,0.7322418072056814,0.36734017707597727
482,0.7304119585736212,0.36770120588626254
483,0.731311550926601,0.36874549768983106
484,0.7313018818052687,0.36960209766001534
485,0.732107417938923,0.37016844151067263
486,0.7321332119510794,0.37099590929970866
487,0.7329972629849852,0.37141495222294363
488,0.7330299928480505,0.3722564452663527
489,0.7326958856819591,0.3730363660374128
490,0.7345174486176892,0.37256825971777036
491,0.7355993954528476,0.37277304116404464
492,0.7352025447350246,0.3740799006687867
493,0.7360094426144544,0.3746235650762921
494,0.7380327920228617,0.37050424806301596
495,0.7395181330491966,0.3716340601596328
496,0.74109023460328,0.36807336746705915
497,0.7423494554413704,0.37055990298833863
498,0.743106995828036,0.37196588796418195
499,0.7443814993802012,0.37229032277701135
500,0.7438715696871468,0.3740122004848309
501,0.7432816351541729,0.375421293002577
502,0.7422582606890541,0.37668473603712554
503,0.7418238949643875,0.3778811539368776
504,0.7406247993537314,0.37879071015779625
505,0.7413035544514465,0.37985101767875884
506,0.7423834895703872,0.38041838079288415
507,0.7403123559481937,0.3811783310514249
508,0.739338958060405,0.3819504073681786
509,0.7386375940667352,0.38277626331434045
510,0.7381734934931792,0.38363828018886825
511,0.739418433769695,0.38441872560824336
512,0.7386656116964355,0.3853214163691858
513,0.7377613427324723,0.38591023362993543
514,0.7351407975964037,0.38409098683687837
515,0.7340291837144798,0.3851500798520733
516,0.7331025780551207,0.38596145648741736
517,0.7336135045279777,0.38732727631502095
518,0.732474176763874,0.3878657393918375
519,0.7323499508179048,0.38887848297174155
520,0.7312802659403427,0.38921936069855917
521,0.7321747427043908,0.3903747414032581
522,0.7305070556170244,0.3904676047829648
523,0.7305795569717127,0.39156558990008294
524,0.7325862935609916,0.39215828547490567
525,0.7327985266272342,0.3931808229791806
526,0.7330648229186083,0.39404483560800463
527,0.7336720139681263,0.39473392799842844
528,0.7349292310439984,0.3948959553376614
529,0.733634590315136,0.3960334855495107
530,0.7339811465982178,0.39688478057702803
531,0.7331354682683309,0.39751597572213215
532,0.7331048498569823,0.3983365677258858
533,0.7306728423353476,0.3970072104073608
534,0.7297886957204665,0.39789313412177413
535,0.7296832208752577,0.39900944352323303
536,0.7300416091822676,0.40003513962997683
537,0.7309449800469231,0.40085386403359735
538,0.7308729944500241,0.40174301744680513
539,0.7311484568059785,0.402512729501169
540,0.7326486618621308,0.4025624633398324
541,0.7333822133184257,0.4032432830762144
542,0.7347759073497458,0.40308009224250285
543,0.7354175548691843,0.40387635804309824
544,0.7345494365254467,0.40499329891676433
545,0.7357181403558959,0.4054192026391674
546,0.7369505155359947,0.4053537208702602
547,0.7376024081811574,0.4060109145077188
548,0.737504756491876,0.4069814672945812
549,0.7377128082019245,0.407747750259886
550,0.7383872895664365,0.4082182387949703
551,0.7390934491901076,0.4086047521366601
552,0.7387224951838898,0.40951784843752986
553,0.7390225709292597,0.4102035597736605
554,0.7371790099614979,0.4104268764656012
555,0.7364953455259963,0.4111993725264003
556,0.7355414696972163,0.41167228000332173
557,0.7340477943332869,0.4115048577465887
558,0.7344963978976478,0.41286460545034953
559,0.7349910421587389,0.4137619240745461
560,0.7352667168044722,0.4145526789187769
561,0.7353279681486035,0.4153028481100936
562,0.7348758488527367,0.41595238153933467
563,0.7339930538322087,0.41630500148668986
564,0.7322846056017605,0.4154179100491662
565,0.7310558904727762,0.41563611049605803
566,0.7289056277457353,0.41178052591799313
567,0.727324543598699,0.41298429464177416
568,0.7267847280899961,0.41453008011324627
569,0.7259865180846876,0.41543092182178337
570,0.7243229134379326,0.4143792947156656
571,0.7236524702589264,0.41563057398105535
572,0.7227273611558502,0.41618120379826634
573,0.7215430946594011,0.4161044451090421
574,0.7213070992453022,0.4173013119128694
575,0.7200333203666107,0.4171406360675849
576,0.7187490199771114,0.4161403464040365
577,0.7174114309228767,0.4152511626485406
578,0.7160170479441121,0.41430027533192787
579,0.7148618175410923,0.4153233929127742
580,0.7139874571417341,0.41620146245845735
581,0.7135741220737096,0.4173443137228705
582,0.7119564184783295,0.4158117690086742
583,0.7106354498605095,0.4144000408881965
584,0.7093889109813873,0.41550114717536774
585,0.7084805822227742,0.4121957435024924
586,0.7065313710264646,0.4126962288952426
587,0.7057619670708735,0.4146507692918491
588,0.7040284425856399,0.413653848056813
589,0.7041432782080528,0.4160777827724047
590,0.7044739216775556,0.4177844548870418
591,0.7046628079788343,0.41923002395388087
592,0.7042135912920452,0.42033473409686734
593,0.7042766352828533,0.42149119377828426
594,0.706608114667171,0.42233826113879624
595,0.7042577879905751,0.4231627966363686
596,0.7051095242633431,0.4244675238073843
597,0.7057733699684346,0.42554971557328736
598,0.7042069339306113,0.42601643106172854
599,0.7058636316714804,0.4271459185388085
600,0.7051744709950041,0.4281210287238334
601,0.703682055014751,0.4282780973604783
602,0.7024839690859336,0.4284535361248141
603,0.70170444570694,0.4290558224119696
604,0.7006809798890985,0.42921205637776494
605,0.7004652912053302,0.430213881203493
606,0.7009533047789835,0.431253404800763
607,0.6994961983211356,0.4312394046217916
608,0.6995083550598804,0.4322981716269559
609,0.6998416946069458,0.4332318795902896
610,0.7014610660067229,0.43376078089776526
611,0.7022245871175846,0.43463612781323996
612,0.7021616769656683,0.4356252476365918
613,0.7034528022517543,0.436036814846073
614,0.7039803791818676,0.4368985424475985
615,0.7028952596777828,0.43774733206155214
616,0.701553598359259,0.43807319938608774
617,0.6998243327741862,0.4376456207277446
618,0.6977899455547668,0.43611680777899114
619,0.6960659619348298,0.4350346135261881
620,0.6945644020327812,0.4345520392708502
621,0.6931670571155247,0.4334972907227468
622,0.6920322527029369,0.4344418662924089
623,0.6917597253554311,0.43591744164271096
624,0.6912519970031467,0.43694368818397217
625,0.6909240971200902,0.4379481499609747
626,0.6931345918381018,0.43928390058533134
627,0.6919601370574608,0.44025680317604504
628,0.6930189933249027,0.44143004907636174
629,0.6922124694138369,0.44228494940660146
630,0.6923154599954406,0.44324408151886385
631,0.6925659896161244,0.44412568389919366
632,0.6929515747138634,0.4449536233740421
633,0.6941989927416782,0.4454317470278968
634,0.696762276913462,0.4448427795316398
635,0.6962295539531438,0.44656084378878896
636,0.6971094188198336,0.4473743933743858
637,0.6983183711357754,0.447794674928341
638,0.6985993606287602,0.4487855291140703
639,0.6984609175388384,0.4497234200725262
640,0.7007866315618252,0.4486897763157579
641,0.7022216843212883,0.4489903159555156
642,0.7034706592185515,0.449389470054541
643,0.7045856379685499,0.44985737940953824
644,0.7060450525372332,0.44964372200172936
645,0.7074298747080677,0.44971488427615786
646,0.7077756793797962,0.4510014330124252
647,0.7070769363179301,0.45231557366711495
648,0.7041959839692918,0.45299367677078023
649,0.7031413571017798,0.45405944559734396
650,0.7010029233772016,0.45419361317316526
651,0.7013832786750223,0.45559148669316607
652,0.7002685664191298,0.4561896375920941
653,0.7010307018370495,0.4572405603747493
654,0.6981831925658999,0.45608375403942847
655,0.696125839567831,0.4552956974748764
656,0.6951736936256049,0.45630510021550863
657,0.6937106507096304,0.45614737987837367
658,0.6922573515031651,0.45581986917938333
659,0.6910649483167259,0.4561235118566387
660,0.6903466178956599,0.45694503064987047
661,0.6895512222405344,0.45750498438397275
662,0.6889119596249504,0.4581497986560848
663,0.6900963138592885,0.45940321465235456
664,0.6887262235855904,0.45979124215043216
665,0.6880622466291696,0.46039196683266553
666,0.6873366353127732,0.460822380319926
667,0.6868245449406984,0.46142145701848675
668,0.6858481033118993,0.46134973356134845
669,0.6856406521747919,0.4622673847027227
670,0.6860346914675249,0.4632105245162965
671,0.6856659083703298,0.4639191367918258
672,0.6851601352416766,0.46447234239866125
673,0.684792203473942,0.46507279998566126
674,0.685265287394122,0.4658624236732923
675,0.6863457066385018,0.46640632037057567
676,0.6851056170898628,0.4670386718230199
677,0.6865219823497839,0.4677185510366102
678,0.6872702499924072,0.46837173441829655
679,0.6876029975800827,0.4691539647038588
680,0.6870390096479085,0.46990560684233323
681,0.6883605536748455,0.47025500908112605
682,0.6872929286814246,0.4711130278698001
683,0.688058262642876,0.4717959160958096
684,0.6883612696715734,0.47249401339566355
685,0.6892371422587964,0.4728522752424391
686,0.6894208348768117,0.47361420982566316
687,0.689573212300539,0.47430609895189507
688,0.6900857367006236,0.47483891039534826
689,0.6897174034500194,0.47555806141512613
690,0.6894905432902823,0.47620791410613356
691,0.6892278454584453,0.4768176697514081
692,0.6889212899386812,0.47739346864694543
693,0.688914600890002,0.47802371227874263
694,0.6890457378432763,0.4786312230644613
695,0.6896304273685931,0.4790971844123128
696,0.690234666980135,0.47952344138681446
697,0.6910704834484979,0.4797351135587109
698,0.6901679634691704,0.48060161140480573
699,0.6902425395684186,0.4812821868570318
700,0.6893080975899774,0.4815981137490973
701,0.6883019015902204,0.48169456159285884
702,0.6864862045445849,0.4800227265228672
703,0.6852928125290302,0.48032015273591105
704,0.6842583827446769,0.48052242466516076
705,0.6831320469685119,0.4802496345623319
706,0.6822369233088356,0.48062899944809556
707,0.6815684983069357,0.4812003596050064
708,0.6807577100422117,0.48145347561712054
709,0.6797143889372861,0.4806995432813496
710,0.6796621157173267,0.4821753350469903
711,0.6797658767317406,0.48316699501541166
712,0.6797948662596276,0.484020096255581
713,0.678937495473663,0.48434004831763344
714,0.6783162150275367,0.48475706842823074
715,0.6779342344908454,0.48534186647030725
716,0.6778778219352991,0.48605928896992234
717,0.6779544590012835,0.48677069286639535
718,0.677618715254276,0.4873458169877725
719,0.6767247359110412,0.4873666739405739
720,0.6769146918979547,0.4882483168400531
721,0.6765981174058786,0.4888197833329957
722,0.676534977673475,0.48944889253627194
723,0.6759611823793021,0.48980917423239934
724,0.6751867174139408,0.48985512913427504
725,0.6743005864284713,0.4895363755816662
726,0.6741611628267321,0.49047513524065417
727,0.6743478757867675,0.4912777100903242
728,0.6748957250257235,0.49198399012196914
729,0.6749020951132054,0.4926782614502647
730,0.6737729668064175,0.4927113077034258
731,0.6728726300805387,0.49268190732126443
732,0.6730760619050683,0.49364956877757693
733,0.6734431767549132,0.49438792871828385
734,0.6721422828587085,0.49419400429931737
735,0.6716865107577104,0.49472452772550307
736,0.6717413277343162,0.49546579655939477
737,0.6717982041759979,0.4961263597765462
738,0.6722431560959968,0.4967479537506798
739,0.6721392526800467,0.49737854036569834
740,0.6720714008070906,0.49796553676970307
741,0.6723601096266093,0.4985357421044595
742,0.6731951600543289,0.49886492121957526
743,0.6734181013866706,0.49952843288954707
744,0.6728913126930652,0.5001243914641303
745,0.6735213100757945,0.5006561986671125
746,0.67310326384469,0.5012624872974252
747,0.6722111647000628,0.5014572155769026
748,0.6717011766750167,0.5018996348593012
749,0.6711113521215009,0.5022092792408436
750,0.6716355132742007,0.502972980850185
751,0.6722210895189533,0.5035265911483532
752,0.6711743020524359,0.5038517660013284
753,0.6703621913791409,0.5039679144624093
754,0.6694195761574687,0.5036640137019681
755,0.6704630225665497,0.5049880864281098
756,0.6706365360582071,0.505665396926714
757,0.6709978152603114,0.5062466464957454
758,0.6712004191513452,0.5068289766629958
759,0.6700604133478366,0.5069602772662262
760,0.6707263312725965,0.5077438347014678
761,0.6703991934584176,0.5083011714848114
762,0.6702371056898536,0.5088370440761508
763,0.671277615030353,0.5091012422240137
764,0.6711609278805175,0.509799022649976
765,0.6716445921204705,0.5102598605076256
766,0.6714644505082907,0.5108644013712131
767,0.671390411061585,0.5114126550506144
768,0.6716313377112837,0.5119198474567115
769,0.6713726422852482,0.5124334619164695
770,0.6701953833608246,0.5122320056865468
771,0.669295109922485,0.5122635523714497
772,0.6685934795863715,0.5125279291690179
773,0.6677346171507257,0.5123928192651502
774,0.6669392277969206,0.5124352548368261
775,0.6662326034639185,0.5126339892698482
776,0.6654463454406314,0.5125550613158469
777,0.6649394511538136,0.5130751823986777
778,0.6646080578169581,0.5136628947971983
779,0.6645848646776708,0.514370491736506
780,0.6640517359504866,0.5147438220328893
781,0.6639695065947236,0.5153735925928049
782,0.6636014028501142,0.5158253519061655
783,0.6641653010684792,0.5164888129816171
784,0.6639312880575102,0.5170856488550939
785,0.6624996293860691,0.5162093336245289
786,0.6615780900028099,0.515729559228044
787,0.6606988526008067,0.5151626805517854
788,0.6598121478218554,0.5146380453592747
789,0.659178286471212,0.515442847047727
790,0.6594730882453489,0.5167088717000847
791,0.6599420660800747,0.5177544515201965
792,0.6595974543378014,0.5184498262903069
793,0.6598418471372834,0.5192071805260043
794,0.6596489159379972,0.5198423115474332
795,0.6596412057248486,0.5204711711253514
796,0.6610341817887873,0.5207437708631221
797,0.6634554942819674,0.5202510992529349
798,0.6637289854596583,0.5213852261174685
799,0.6648076809430981,0.5217705247711096
800,0.665676440212749,0.5222337086130198
801,0.6667990091543159,0.522339967112591
802,0.6672416612245361,0.5231333808741127
803,0.6684924221514895,0.52291940840917
804,0.6690709066697165,0.5236483837561345
805,0.668529535471377,0.5246619437723182
806,0.6692713627704856,0.5251739468022298
807,0.6701721865950907,0.5253492786730153
808,0.6696485655397614,0.5263159974308538
809,0.6686307957594833,0.5268822586193652
810,0.6680101009207352,0.5275048616353522
811,0.666239044054888,0.5271347557380224
812,0.6647271055944264,0.5271388336906419
813,0.6639482107436234,0.5278078830526605
814,0.6633839044429258,0.5284456746653898
815,0.6630171528784085,0.5291063857329956
816,0.6619958703450504,0.529050753889679
817,0.6613159545241822,0.5294601319171605
818,0.6620537200980643,0.5304657596507543
819,0.6618182276688377,0.5311491399776409
820,0.6613840274609019,0.5316558028109665
821,0.6630741870185516,0.5319588935428021
822,0.6634698948318001,0.5327090936228941
823,0.6629128890736352,0.5334031395847347
824,0.6646003262804627,0.533355730784109
825,0.6651801080036875,0.5339901609985952
826,0.6672267542631112,0.5326571076147146
827,0.6676359178540452,0.5338633590381686
828,0.6685483312732641,0.534241465223073
829,0.6681035898829343,0.5352871130208565
830,0.6682843054041158,0.5360176476014474
831,0.6687003017512377,0.5365704647526209
832,0.6688613433041025,0.5371838845251884
833,0.6688372743093476,0.5378029847607059
834,0.6683780846809145,0.5383639237306442
835,0.6680216680253097,0.5389214686969881
836,0.6688617243219479,0.5393226630890413
837,0.6694669397023358,0.5396739394431409
838,0.6699404064689286,0.540083129487322
839,0.6698615627614352,0.5407273361571976
840,0.6696336157445899,0.5413056453436129
841,0.6705166499783448,0.5414593582619337
842,0.6710088636242932,0.5418348274344397
843,0.670238049968703,0.5425215526242051
844,0.6703347933812679,0.5431173938918674
845,0.670931787287163,0.543467047240536
846,0.6704683777191185,0.5440619256151762
847,0.6709640702573237,0.5445005409078653
848,0.6721711456492615,0.543945162804372
849,0.6729262411997683,0.5441426251173149
850,0.6733278135433199,0.5446974850908084
851,0.6728255840139642,0.54552414799036
852,0.6725139258844128,0.5461820596188144
853,0.6722378728614993,0.5467649353079691
854,0.6722849624469363,0.5473306309494491
855,0.6725838937156098,0.5478079062348349
856,0.6731350342804034,0.5481078600439858
857,0.6732673158589676,0.5486361402900878
858,0.6736600879973131,0.5490040440509321
859,0.6735290951155258,0.5495580598754066
860,0.6730245586782979,0.5500013048388377
861,0.6721154733455286,0.5501381002840476
862,0.6719049818078315,0.5507526961649352
863,0.6719787459923678,0.55133809557846
864,0.671365258043082,0.5516459933427311
865,0.671557323468678,0.5522510143230793
866,0.6710451741057223,0.5526129760814323
867,0.6711392139415352,0.5531693666424954
868,0.6716418033914334,0.5535933495981364
869,0.6709705802744199,0.5540006083254002
870,0.6704096643417411,0.554284352709106
871,0.670571659879361,0.5548842906222718
872,0.6703144789408155,0.5553333899097984
873,0.670521718034277,0.5558327242121197
874,0.6699309986439426,0.5561207629524454
875,0.6689678622312496,0.5557667986818753
876,0.6687847745031796,0.5564855548966477
877,0.6681261992607858,0.5566378164984975
878,0.6677278357884014,0.557051993814603
879,0.6675480535000841,0.5575750918845909
880,0.6673601159743985,0.5580575353472792
881,0.6666753665763883,0.5581018433899473
882,0.6658317784786446,0.5575909595798214
883,0.6649645994371999,0.5571900278964635
884,0.6643489445552716,0.5577021943904501
885,0.6638368259366153,0.558141356042448
886,0.6635181888818533,0.5586961542187688
887,0.6634372504841577,0.5593345009045134
888,0.6631485526018958,0.5598303074905494
889,0.6625123881509914,0.5599743318985095
890,0.6617173047120336,0.5596326567089678
891,0.6614943096125726,0.5603901387829662
892,0.6607754930247596,0.5603912801207558
893,0.6599872329806531,0.559673693850755
894,0.6591558372915112,0.5593939945893308
895,0.6584091501298652,0.5595951674655396
896,0.6576487714404684,0.5595259390311321
897,0.657534632457222,0.5604981086931524
898,0.6576504587459131,0.5613524717465533
899,0.6576074845146307,0.5620625547185072
900,0.657524611366796,0.5626994306459865
901,0.6581919850846059,0.5633320610274527
902,0.6575348732853686,0.563828692768099
903,0.6574436340771714,0.5644228486710848
904,0.6574008573551279,0.5649812976084743
905,0.656459528005783,0.5648502436477916
906,0.6561918648362952,0.5654250226703285
907,0.6554407961376806,0.5653448623983984
908,0.655351026755886,0.566037688999122
909,0.6553895679681411,0.5666417117333964
910,0.6547902823907243,0.5668633278835719
911,0.6547042810881178,0.5674187567506389
912,0.6538202576530067,0.567041878735516
913,0.6540609433801681,0.567983865448984
914,0.6541702758799993,0.5685825220863218
915,0.6549842423304325,0.5690140590237182
916,0.6543528132863374,0.5695521164464808
917,0.6552598627658052,0.5699866995537629
918,0.6547166921871092,0.5705628025828997
919,0.6545568437161309,0.5710822457512423
920,0.6542908327503744,0.5715228654750791
921,0.6542756756266646,0.5720197284647492
922,0.6541699372917232,0.5724815830163846
923,0.6540582650064557,0.5729316696298694
924,0.6546358779850008,0.5733125469893823
925,0.6558434263894911,0.573106107362695
926,0.6557280482322597,0.5739592012568462
927,0.6557246228264256,0.5745585919293694
928,0.6562403199375548,0.5749391459647532
929,0.6553116225821539,0.5753629489428443
930,0.6563122187017799,0.5757833217627075
931,0.6559010179111449,0.5763733287429241
932,0.6561756548720892,0.5768689862026879
933,0.6568660934232993,0.5770800638583404
934,0.657691569553183,0.5770781303672458
935,0.6578925586104983,0.5777134205497357
936,0.6583102398117723,0.5781157448014634
937,0.6573544466559686,0.5786551054281807
938,0.6568689386466686,0.5791356215779699
939,0.656648747900838,0.5796516646617901
940,0.6554187463459119,0.579235692134316
941,0.6553633783100129,0.5800509818523615
942,0.6549584919066633,0.5804824438506091
943,0.654551419607661,0.5808494475441666
944,0.654666929835067,0.5814275379939082
945,0.6556909016239184,0.5817355155836516
946,0.6555372097957773,0.5823738578376626
947,0.6558395628866325,0.58285367399105
948,0.6557899618510473,0.5833594014184826
949,0.6550456287588547,0.5835754688413258
950,0.6542574596043709,0.5836009930143605
951,0.6536099770919316,0.5837545552568604
952,0.6542235189965095,0.5845674105539977
953,0.6545775548362274,0.5851057839731277
954,0.6556578771673701,0.5851905589388456
955,0.6559075815809281,0.5857749970924152
956,0.6558896304824783,0.5863355747948592
957,0.6568132064649423,0.5863008739954888
958,0.6576505299895691,0.5862657074200202
959,0.6585283721036458,0.5861517935617506
960,0.6594158556691043,0.5860472307730524
961,0.6598002901833332,0.5867252555743467
962,0.6594266746388832,0.5875704460727474
963,0.6598998293087586,0.5880376625713197
964,0.657737704877297,0.5883008810317752
965,0.6566812766939452,0.5886934859471318
966,0.6564250327319645,0.5893615416311059
967,0.6574060382844644,0.5899151076563488
968,0.6586290156210175,0.5900794996824037
969,0.6595515151595004,0.5902875127642978
970,0.6582770978055316,0.5911326043181996
971,0.658840201462625,0.5916708663435759
972,0.658614011616298,0.5922443780787403
973,0.6587621615714332,0.592743879758421
974,0.658852432950837,0.5932156269245648
975,0.6586266483215485,0.5936676222726287
976,0.6580351026925436,0.5939309443251637
977,0.6582550758525626,0.5944830939766572
978,0.6588669481943502,0.5947867876443585
979,0.6586365186836197,0.595316968204145
980,0.6593018615152042,0.5955342196652474
981,0.6586922030280231,0.5960634185866163
982,0.6575474700745894,0.5958779706539378
983,0.656859127866837,0.5960875009608767
984,0.656526438313018,0.5965794004511925
985,0.6568556349468119,0.5972190162049705
986,0.6574449274918079,0.5976917208007578
987,0.6573129538870203,0.5982299745051414
988,0.6574463777911443,0.5986999997954803
989,0.6570079704472379,0.5990599736765424
990,0.6575999895052399,0.5994583841665052
991,0.6575786886209177,0.5999413830490412
992,0.657402750866217,0.6003698899843459
993,0.6576214726629533,0.6007807068520324
994,0.6580567194152424,0.6010697576592146
995,0.6576137864149045,0.601521770831204
996,0.6587983000453683,0.6013472816667051
997,0.6585495384690299,0.6020718152541291
998,0.6578852683216718,0.602493959092239
999,0.6579018673400423,0.6029904635063537
